"INSERTION_ANGLE","PHYLLOTAXY","BRANCH_ELASTICITY","INTERNODE_FLENGTH","LONGGU_PEAK_POSITION","SEED","ORCHARD"
4.41819707043306,295.32671355846,0.0441645859622196,0.167942354359666,0.873824561288988,1,FALSE
63.5879493759175,156.532888126149,0.079338174164095,3.59968093131427,0.0235684859024373,1,FALSE
40.1451044190167,199.887897910116,0.086357165691082,2.07895076454192,0.305357091389716,1,FALSE
69.9827742280739,82.2830309201986,0.0145634693945017,4.36513591819542,0.281789871107781,1,FALSE
12.5868428583628,144.563629067835,0.0487089064233221,2.6861147142518,0.0422573299246106,1,FALSE
71.1399856232472,12.5548626150251,0.0581724185377041,4.06394971514622,0.141781429490405,1,FALSE
23.1881554799751,169.100791928836,0.00349591516631431,0.40704974970835,0.400815859372937,1,FALSE
50.0351015951981,260.709669341848,0.0448982569506293,1.81122687394898,0.768656857663911,1,FALSE
3.81146864784171,198.957693352963,0.0999237059279836,0.825396808904255,0.00926531482703646,1,FALSE
89.4301045353463,116.149083209081,0.085396976510736,4.1797877333732,0.20676427687837,1,FALSE
16.9881448204289,89.5145282737813,0.0794948409837594,2.47490040165449,0.128094983907472,1,FALSE
8.22798215591076,179.275967885425,0.0508804000577897,3.10834953095967,0.247792349234784,1,FALSE
87.4955023727437,189.186064207677,0.00971629587650987,0.656731538368426,0.194253133209201,1,FALSE
70.126685353778,39.4474970582435,0.0316655099979476,4.72836170895287,0.0532568908591553,1,FALSE
79.9078322996006,218.810844360053,0.0136220081072528,0.202926720244986,0.0101836554355454,1,FALSE
50.8759727814892,349.58598674954,0.0348947384916678,3.4035315582842,0.550063804461097,1,FALSE
81.1741057937718,206.819763723993,0.028161501600368,3.68404455278098,0.287265205705828,1,FALSE
50.7657242389597,240.349590753808,0.081088456636965,4.42229938823131,0.412563446324597,1,FALSE
47.9487471708086,298.902158435384,0.00981581253310875,0.610730585146686,0.520913842873238,1,FALSE
49.2513907703797,202.393766283472,0.0229647287305872,4.869194651086,0.34271324556169,1,FALSE
8.11231333248717,349.187879952075,0.043489094445289,2.37912834183376,0.677536909927539,1,FALSE
61.8889012679931,26.9647953411696,0.0710091594250093,1.95235727965699,0.117766189969966,1,FALSE
24.4638820745068,177.051031286122,0.00457791293279405,4.40106217959824,0.0663114231850896,1,FALSE
4.89467512272588,197.659643100693,0.051680633188852,2.70051455454413,0.0605312603953346,1,FALSE
29.0417539708234,59.634457371063,0.0965146586408114,4.93695046396872,0.598566043762522,1,FALSE
75.8224935484768,247.745641872024,0.018698864142728,2.52530222672756,0.451509073529981,1,FALSE
27.4760345409976,107.619259405787,0.0872901904612127,4.05014157800317,0.460688722387565,1,FALSE
85.4131516661866,342.087710668452,0.0406778076412585,1.51737126112665,0.220085252154761,1,FALSE
63.6487866259933,95.0822462225817,0.00352055514930642,3.01866524512748,0.000306315884039203,1,FALSE
22.5450993241828,190.318549769913,0.0181564620581791,0.964536165270843,0.0624431854132615,1,FALSE
15.4244347328829,298.270858852137,0.0506062388642173,0.838316352943378,0.562171661062284,1,FALSE
68.5024557959136,9.25686114191895,0.039072673904541,2.36408502022402,0.634514853516009,1,FALSE
77.9259850776188,239.2976114324,0.0444389287644106,1.57688093640824,0.0399232891791044,1,FALSE
37.2726336330184,5.4365300551809,0.0356761897947657,3.57446170966701,0.442828555594501,1,FALSE
75.7050462501034,182.755061772297,0.0241836699191023,3.28858863792066,0.875286091289256,1,FALSE
41.5574229420256,215.10419806379,0.0787872005795077,3.01526289251602,0.482001927445997,1,FALSE
48.2953982223838,30.1525967281452,0.0590916109224444,3.75677576665426,0.610742674259077,1,FALSE
41.8875252687738,309.377850034606,0.0554373991858072,3.6307404428185,0.285653160252687,1,FALSE
33.8485946567421,86.8681815238139,0.0696324022138537,2.39029331239988,0.85291473345094,1,FALSE
36.3300835974518,98.0147102249329,0.027246921801567,4.57036908791325,0.622930086461571,1,FALSE
43.6105671098842,68.739796599097,0.0122032052575114,4.16920709692386,0.298966534014586,1,FALSE
40.6576371811676,282.142609216983,0.0651040901109694,0.0923205392422788,0.471399549763591,1,FALSE
33.4725991212904,305.620872776088,0.0575738629575827,1.0224813749688,0.780911420112619,1,FALSE
12.0728576906217,196.531041398627,0.0125462282780221,2.60792209399301,0.773446111145874,1,FALSE
53.4015326601376,105.560095018998,0.03806296206511,0.257306350780586,0.530166222775172,1,FALSE
44.0266900757736,22.1678606583319,0.0721202313020192,2.74519697503396,0.738799376663088,1,FALSE
14.0201665074422,306.787868101667,0.0188778233765502,1.85636265301039,0.843194204710739,1,FALSE
83.6331840657085,198.32724449647,0.0663172308126986,1.73890647083627,0.0847716782281988,1,FALSE
80.5832958865942,127.580002624788,0.00848535776205231,1.80559394175083,0.632667569571504,1,FALSE
66.840970950658,297.627617300275,0.00018048985759306,0.213800621349022,0.405423148217167,1,FALSE
34.2255789110792,24.8582743057283,0.0107229921874363,1.84790629963496,0.575127027919148,1,FALSE
25.688346566109,63.2128897830548,0.0325413478560281,0.034218792873786,0.452953708715283,1,FALSE
58.6042240391072,160.957327300343,0.0815656489497179,1.0263693474412,0.75224458030205,1,FALSE
83.5001432962748,337.983367565863,0.058380518006931,0.589881734447414,0.80147931969386,1,FALSE
20.9368202408242,176.152865556903,0.0530920983038741,1.03667728145534,0.711312005748846,1,FALSE
65.1892041016767,323.711611583777,0.0257532397620831,3.6200648153586,0.0764646462079525,1,FALSE
36.2553998339668,134.770136468917,0.0805199974153562,3.46312531616214,0.150449525864884,1,FALSE
56.9657303140405,262.750801189533,0.00718289488001776,2.28442262240125,0.366593439276534,1,FALSE
61.1957973198159,247.197318666196,0.0275778235854645,0.353156539889183,0.0684552676630709,1,FALSE
38.865241619133,174.850918474025,0.00441393316731278,4.20196841171417,0.433081244393834,1,FALSE
56.2031226166434,43.6818161958389,0.00187182640315497,3.39146481179276,0.445169690340295,1,FALSE
16.2699675716109,344.339722331841,0.0747943676330774,3.54244876306628,0.435782155236185,1,FALSE
30.9911344869276,99.564094176753,0.0123232813394169,2.82617701191567,0.170231650030581,1,FALSE
66.0003203938386,79.1833478828215,0.0174153206076442,1.52284895714386,0.637541344455546,1,FALSE
38.9281163508799,32.5787596442024,0.051951501317991,4.26568130801937,0.381323486395237,1,FALSE
68.6636182170661,33.6910146166794,0.0508510535006363,2.98213614346374,0.0972320707918589,1,FALSE
3.28856494103873,291.788869678597,0.0143949419589871,1.36291482312379,0.846215661125606,1,FALSE
13.2593265638025,211.787660292767,0.0150557130058269,2.1967871251711,0.797545959373629,1,FALSE
54.2459820315792,318.80391541642,0.0779885239512876,3.85634322181889,0.124706859178018,1,FALSE
12.6887801412387,41.4898127635645,0.00243463652555002,3.48384512488725,0.270643197167373,1,FALSE
52.8680052836279,340.923465534844,0.095310128176144,2.54465975695877,0.268927971265404,1,FALSE
16.4514139619782,37.7443644053475,0.0623948028574975,4.56004707086314,0.404495963746524,1,FALSE
9.98935943702486,214.095880146145,0.0771879235324748,4.80559078372337,0.258937095402078,1,FALSE
49.6124408420836,10.2112131908282,0.0683399883709842,3.09774914120413,0.222996976417939,1,FALSE
31.4376129298842,72.8073603247903,0.0335832887017829,2.44814835897248,0.819453742143432,1,FALSE
26.9159223094098,85.9625957725415,0.0538325438559915,3.77879321532626,0.736321672828129,1,FALSE
70.4383400664904,221.936846538904,0.0646784998857994,4.51059245667496,0.834781798307238,1,FALSE
58.2438646138282,219.850407166811,0.0513401238770098,3.9083327240211,0.235918621328406,1,FALSE
20.172794592188,135.95627368704,0.024004321580068,2.53258409817552,0.126044318837062,1,FALSE
17.695941568152,146.550369949011,0.0320007914904516,4.43578871734907,0.329417740358936,1,FALSE
34.6226195019784,275.745687641393,0.0250061377247788,4.47232079810713,0.869163539125346,1,FALSE
62.6881335411583,186.212803568689,0.0418333726514647,1.32896863562462,0.382242800943726,1,FALSE
69.2110388742518,265.401977514858,0.0619901179812161,1.22857945886453,0.578144589010625,1,FALSE
18.4030588716632,88.3811660753409,0.0277435502254447,2.13801682473801,0.331816043399977,1,FALSE
17.0276839998547,328.868818643512,0.080370699991506,4.4481089007218,0.0916860526382874,1,FALSE
60.4386376867417,112.952611126679,0.0196655408551992,3.28500506491425,0.0721342596249483,1,FALSE
42.618974798287,90.0396282526808,0.0613702112365616,2.90401945216675,0.487540682830322,1,FALSE
23.6879954783318,49.4774583549658,0.0084697789004338,3.50539040577626,0.470654319520355,1,FALSE
60.9568384935591,139.569673936444,0.0385347062926411,4.08258578181123,0.64256548511379,1,FALSE
61.5809813390328,60.6604127271878,0.0725155612314951,1.43268903640456,0.654646527327839,1,FALSE
8.5104765711434,107.052062727729,0.0447468558081952,0.168770705407557,0.0829209608172718,1,FALSE
29.7806919780858,283.340004538168,0.0860815705092267,1.76135686123237,0.894921375363871,1,FALSE
32.8861120567972,350.191447546255,0.0579596776423447,1.5361712585398,0.607756435283809,1,FALSE
38.2004368244025,23.9096181095762,0.00685670098564443,2.12435273413019,0.646997385436282,1,FALSE
59.2037111659841,217.342012037172,0.0352133235747859,1.2614162691791,0.0212096495703811,1,FALSE
39.4183903237472,263.698235561724,0.0840864913607552,4.11770166662381,0.271892523512217,1,FALSE
73.4432865629,267.797556444418,0.0110644367046568,1.08836606467053,0.374259650565704,1,FALSE
32.608709743441,14.3144558399693,0.0524767377794072,2.04999336096426,0.309808631429271,1,FALSE
48.5473503630554,58.4310470922724,0.0686893164680195,2.50245165767287,0.722986214809905,1,FALSE
81.4636532678846,6.49580115466906,0.0420476109615301,2.88368924172021,0.89240798488175,1,FALSE
84.0342987746853,49.0688701892134,0.0399408094355856,3.34703961591428,0.391381670960641,1,FALSE
69.7525045023619,142.797144979958,0.0319185296716202,2.63371990969166,0.468429299865517,1,FALSE
6.72664004088313,100.182720199715,0.0983259947005955,3.06263855439723,0.397766962505432,1,FALSE
32.4243287019479,74.5818442470833,0.0220735297532599,4.0467911683611,0.588711900699678,1,FALSE
39.9302236128595,245.650011539757,0.0769679992725476,0.0172938092660886,0.166945365107394,1,FALSE
69.6009252852761,354.261265690466,0.0631068042940589,1.88536217287074,0.132501930172798,1,FALSE
52.4540039685743,37.2582764957331,0.0699644638208227,1.06822408240256,0.866809036945878,1,FALSE
4.02848403097053,134.374205797781,0.0545049439387555,2.31280412985554,0.814995351736022,1,FALSE
6.22866856721674,216.135234472328,0.0807908820754717,4.90261079017982,0.566935363425984,1,FALSE
44.9955888391087,111.751713410029,0.019854615768157,2.28897765806768,0.429850259291058,1,FALSE
39.8634180141927,80.2814480944981,0.0712106003627844,3.8487637489007,0.056671639590529,1,FALSE
9.57881208405851,272.894007194558,0.0679103508815339,1.92618199965122,0.384304964350702,1,FALSE
85.809710853518,27.1544142145417,0.00300841276231917,2.80587927017521,0.0583640363565179,1,FALSE
78.3297342187224,223.773643898208,0.0769387171743934,4.64328191743294,0.732141751416299,1,FALSE
48.4493814017697,54.8607871503015,0.0705956410305326,2.42194489762106,0.754087934357536,1,FALSE
30.1151218953639,224.612929072917,0.0625063106391282,3.36204578686355,0.413948554691826,1,FALSE
21.7892636076824,110.978281658185,0.0707953486965579,2.45844278084023,0.734351592763404,1,FALSE
85.5718762379415,101.891805801824,0.0285848452552892,1.35809300573993,0.657743389582575,1,FALSE
59.8585660737804,290.870041334088,0.0950436728513902,2.02496977167989,0.0512215807940459,1,FALSE
47.4673324251783,166.645356638143,0.00756519564456323,2.67998811677786,0.358142694159728,1,FALSE
40.5094698757682,21.0838803558865,0.0670756529265772,1.50916840455379,0.534963310924333,1,FALSE
40.9141539127715,226.042381161108,0.0051157617980797,4.58904798673885,0.198394088646968,1,FALSE
34.3650254077961,133.453276425337,0.00662492447344221,2.61008279122254,0.247441180509312,1,FALSE
14.5320166147434,11.0881064931034,0.0654681939824169,2.11207461062621,0.810106704783131,1,FALSE
17.8567643632216,51.4463595036655,0.0501154743672951,3.88714176482276,0.72260252875169,1,FALSE
46.3847750658955,294.671864251607,0.0879655329720748,0.241599032369582,0.120497677568085,1,FALSE
82.9158411936161,293.055310034971,0.0976475498615136,4.69615786153656,0.0864701749288748,1,FALSE
31.2403320158732,212.86036359244,0.0532583634268818,2.42853105833904,0.43842331319717,1,FALSE
53.5052361462864,325.949105786028,0.0938092921406433,3.08399284250255,0.613844454107575,1,FALSE
80.9936583231336,204.339110879238,0.0836865643120756,4.55895500785453,0.541455383289531,1,FALSE
74.6135845563695,153.117055531684,0.0390338531169299,4.7901766357377,0.799943205170302,1,FALSE
51.8198020810166,251.455403717299,0.0614452253226114,1.396695612278,0.728363824935629,1,FALSE
29.6246903385854,118.717396899891,0.0929143568092087,0.343404033602224,0.462082672618347,1,FALSE
15.283757224209,195.019834280068,0.076260966596911,1.75097895093905,0.50965847210046,1,FALSE
84.3593666916295,25.2783253441622,0.0587523782901128,2.99880772092007,0.571567126062746,1,FALSE
63.2056527422051,172.524003023072,0.0485275309223604,4.35728335546584,0.456383667604952,1,FALSE
33.5601814382164,45.5723005536847,0.0103984648193048,2.35416689507913,0.629934655057231,1,FALSE
45.7657291820589,43.4777039551532,0.0351632596757351,1.04779829005293,0.0539057265712859,1,FALSE
75.5706635450148,170.756629755844,0.0997264365293595,2.86787524177461,0.340311156152953,1,FALSE
72.9718483438046,188.695780267623,0.0566942242548053,3.24510100478982,0.388249851347722,1,FALSE
52.2338878960183,350.682569306283,0.0690688971225383,2.34795501567951,0.837724691866417,1,FALSE
88.8469388499007,293.749131419056,0.049232149196334,4.71646681559484,0.433834394466755,1,FALSE
17.5621331402016,72.0993403260351,0.0416812831430759,0.916101499363108,0.582474214718956,1,FALSE
71.9309198924376,304.572536120101,0.0169502271976805,2.84860749261043,0.594844312169202,1,FALSE
86.8047775379088,152.62685534902,0.0431673589506957,3.55482064725335,0.00147464169569441,1,FALSE
62.1705822111017,297.288091732712,0.0342701001669143,3.14817984253108,0.28468072455175,1,FALSE
46.7714926612579,35.5123448435567,0.0358513048361501,2.93681065589949,0.762797928338211,1,FALSE
43.7014641086162,117.74291519658,0.0883526766010553,2.26989172882249,0.157939327681591,1,FALSE
11.4667825930237,205.23824903044,0.0426554921041481,1.89683145268004,0.636334260520918,1,FALSE
35.862017529142,220.680878031886,0.00876354927009396,3.25701264456721,0.690994241787699,1,FALSE
61.2722746342777,210.674090080119,0.0722321738724346,1.99322408832764,0.0700320280185579,1,FALSE
83.3605174362426,233.209352176097,0.012969313019071,0.642493392942153,0.511983029149545,1,FALSE
36.045061728596,228.620921732442,0.0119866567005088,3.57939328952362,0.00671883149357442,1,FALSE
63.3602097373893,141.591670239591,0.0787146021310606,0.530094367780636,0.518966063113767,1,FALSE
84.5596852136661,44.9298263019213,0.050376874100191,3.63639052807568,0.169366219079647,1,FALSE
73.7541631697234,264.837351617067,0.0452021615781564,1.96569816856301,0.0126790274076065,1,FALSE
23.5256881106084,148.686881747749,0.011814440676338,1.27190587677537,0.604497066724345,1,FALSE
76.1512274029328,330.890809927207,0.00792060817181284,3.53079101247446,0.0485598319251754,1,FALSE
70.4078780406431,184.171855942058,0.0373745927024249,3.02604275279513,0.0271385339981353,1,FALSE
14.1833758550282,307.350746979164,0.0522478081579935,2.33602904431849,0.609915877300823,1,FALSE
62.9550346922966,209.387699768316,0.0299675711926387,3.86589302754257,0.152412005584561,1,FALSE
21.9160207135166,332.722223066665,0.000823978550477777,2.9533562019286,0.884029954116901,1,FALSE
89.1624434580645,175.527627077668,0.0221129401280292,3.35371944947486,0.360978095330541,1,FALSE
45.3180977750729,46.1458757124412,0.0516143980350985,4.96194330627197,0.335527163905364,1,FALSE
24.7115824410117,203.508274253501,0.0511643133354786,3.23871119062508,0.793993215603872,1,FALSE
16.6206262545963,99.3117662734563,0.0175982430768652,2.17915201188801,0.712375423091726,1,FALSE
19.9423701952763,120.040849478678,0.0867361009943087,0.42326665692764,0.104861192049405,1,FALSE
64.9073028257151,227.648824336466,0.0228236558784452,3.43009789536436,0.731379422209794,1,FALSE
51.0104575515425,325.46678223011,0.0214235995968684,4.03560801364818,0.871900596649601,1,FALSE
11.532103459244,68.3174262914212,0.0785484860263404,3.20237200840501,0.495119909004043,1,FALSE
88.9150307697557,136.710801982477,0.00699380035262333,0.816064451692022,0.0158711375996649,1,FALSE
47.6589088559069,301.338270543614,0.0253184162278079,0.484566957294458,0.178822242273313,1,FALSE
70.6927319652197,82.9632345554283,0.0401400491831103,2.61858068441245,0.094184523488614,1,FALSE
46.8732204146827,208.966987867655,0.0497693508730142,0.456382644461372,0.302131360308184,1,FALSE
11.1690346505547,352.679780572788,0.0534188322616921,3.04589794315462,0.551291404505179,1,FALSE
46.0649096260474,143.115606588586,0.0905470714030859,0.90062179398754,0.160957235150203,1,FALSE
88.3099056196093,266.839142635542,0.0767148419616109,2.66634890879331,0.394786189937109,1,FALSE
35.728676968421,311.749312812155,0.0875206888443938,4.6726612421613,0.681758311124101,1,FALSE
27.2526136043592,319.569615896994,0.0061193223467141,4.235273854241,0.16449613000661,1,FALSE
8.4695476504457,183.508414611382,0.0304706712275323,0.937174243771528,0.52316055240645,1,FALSE
86.927328127631,217.896709256451,0.0413872561865089,3.19812217171896,0.00829014098183003,1,FALSE
68.1187118516015,271.276341716043,0.082531411766739,1.87343084426076,0.858032382699925,1,FALSE
64.5064973973798,220.441819101098,0.0991785270684989,1.68906214424151,0.212503946804931,1,FALSE
33.8298666602867,48.5347696246099,0.0869355151199985,4.32911120225841,0.867806406777178,1,FALSE
25.4355672233528,150.355330725703,0.0885268368810001,3.05430425930938,0.680650901449478,1,FALSE
64.9832841651056,262.30079949554,0.0214684268320708,4.30739317519259,0.830775001341272,1,FALSE
87.628433619062,61.0826176968028,0.039797754483375,4.08817637918067,0.747920722016615,1,FALSE
61.4791508499904,79.4287437785785,0.0923788596111356,3.66136249360894,0.517150839024413,1,FALSE
21.3403216559074,252.292516665746,0.0730045035485124,0.276734412258667,0.0439524960457252,1,FALSE
32.9767618292716,64.7186818823236,0.00414508586382909,4.52603372472129,0.839650486743735,1,FALSE
80.8079758054342,132.445718535123,0.0561320877507968,1.87153294159073,0.684439547198281,1,FALSE
56.5856348222206,332.104354588957,0.00281238848921303,3.58714355220223,0.602353624871772,1,FALSE
21.1967749038565,287.791415066028,0.0593277712044158,2.7407782350429,0.538071274496379,1,FALSE
74.2142579114748,32.1513200012947,0.00115672969049769,2.82028835161495,0.672495110221529,1,FALSE
12.4211338085299,160.659103302581,0.0577779954424647,3.25068611109227,0.626712654181289,1,FALSE
22.2350759065635,122.140205360714,0.0652604567532835,0.695206848560605,0.863052056079159,1,FALSE
71.7574896500534,42.4647922664586,0.0754840726102626,3.65303208060532,0.396632751393042,1,FALSE
78.0608324676634,186.732597156797,0.0757855085428119,3.34346152544022,0.882701671188517,1,FALSE
40.2003096438796,102.689291436899,0.0092166277462101,4.61980531031627,0.380117895027856,1,FALSE
63.8041127768698,189.770497521273,0.0251456737610465,4.3731320109748,0.158708846489023,1,FALSE
4.90421383608423,125.17129692238,0.055278057968895,0.740843909449767,0.769156020241113,1,FALSE
5.17863923816498,341.61809103641,0.0639317793053505,1.57173736722241,0.303037737633923,1,FALSE
50.2672084602666,308.409995319934,0.0836367860485174,0.53678571259869,0.67850387576651,1,FALSE
32.1919034148333,236.79442318665,0.0704896528992634,0.197358917963378,0.386302431040487,1,FALSE
89.0885582107725,94.4974094006591,0.0934811654424859,3.74767070243776,0.330828270391291,1,FALSE
42.1489726095596,178.853112260862,0.0192100017537923,0.295562593260086,0.74218237518594,1,FALSE
57.5520070763047,92.463966831605,0.0451114617202766,3.18390263050882,0.421852438979491,1,FALSE
12.9927254481332,249.755823419945,0.095468394026157,0.124259616747033,0.893857146293979,1,FALSE
9.16199527260638,252.143586057824,0.0893417843268931,3.878653676562,0.228912065300594,1,FALSE
25.3345664325929,50.3485993133157,0.0569606424341289,0.711890504438715,0.218680815482663,1,FALSE
59.1759413932496,126.792692149902,0.0930613585004496,0.00434393171023992,0.181029432435381,1,FALSE
62.0410991298791,277.593199664102,0.0211456965044664,1.64420705373843,0.0785255747053864,1,FALSE
1.77284306823447,357.914640405608,0.092299348838037,0.996352806713754,0.56330209839492,1,FALSE
55.9634653768877,257.008197694353,0.00150689994547404,3.31754368849124,0.364790879086448,1,FALSE
36.862959235629,162.553809681495,0.040237822851247,2.89126305740669,0.670746766012043,1,FALSE
6.81735772625599,1.72488666664111,0.0859962338404396,4.38885325124894,0.85142810966449,1,FALSE
41.2970825811404,155.869754047129,0.0375802232452218,4.6808836285192,0.417802396518779,1,FALSE
15.0444770974264,254.353622866134,0.050416589761323,4.02137656369394,0.190235999445386,1,FALSE
12.107369975894,323.199247850269,0.0425091468066309,1.98890840318542,0.876913840534798,1,FALSE
34.9556404327651,80.90417998794,0.0979800772033297,2.47018274350045,0.838118922717743,1,FALSE
57.6719264014216,208.413146173782,0.0540549717026004,1.55130299539841,0.806252171975181,1,FALSE
81.240567446088,242.31531550568,0.0295228042833748,3.81826097757329,0.675146538113561,1,FALSE
19.0080658474969,185.668750751588,0.0383562707859334,4.42452581947422,0.221058763515778,1,FALSE
14.7666958282182,40.6244339074617,0.069430098986556,3.79529463019159,0.274372598798922,1,FALSE
10.6212526583906,153.445745322507,0.0260328648545863,0.503586737694694,0.0361569192298872,1,FALSE
56.8258887348568,118.280465995915,0.0303277893731045,0.381746912698112,0.69335181960409,1,FALSE
4.6975042355491,225.171803004325,0.00521366421285136,1.00322614060134,0.48076589294816,1,FALSE
85.8644606321268,163.416011807897,0.0141938836038131,0.87470916843496,0.333195647286301,1,FALSE
53.9542893913007,82.0471348911444,0.0765667878427291,0.698473904658708,0.737433440264816,1,FALSE
34.0494628760517,185.016102360458,0.013855915742058,2.89634685216661,0.148351598257016,1,FALSE
2.36266090302762,2.50254465804912,0.0835019442088726,4.6892880228115,0.774966180511603,1,FALSE
0.797244891640483,66.1558957483431,0.0474216244356748,0.552136652707221,0.0469757029085015,1,FALSE
63.2448002850652,94.0799529527917,0.0864775536854498,0.854410538298402,0.536259437041404,1,FALSE
70.7833951590327,147.548593087375,0.0457626498097347,0.520855310699415,0.369844111799462,1,FALSE
89.8713275236534,26.3374715407171,0.0745053135662492,1.18362657311985,0.262926964772122,1,FALSE
68.3324809240447,128.399239312249,0.0971756799582535,2.23299371414415,0.488511558292882,1,FALSE
6.36572728876566,108.027844519908,0.0612131396196813,1.00942454774126,0.659854776065991,1,FALSE
77.1385283039505,20.2504774381265,0.0207234849884186,0.0277618091791999,0.314570655450219,1,FALSE
24.1313721501933,285.691756373104,0.0932530035219306,1.60369403901518,0.558400163292781,1,FALSE
3.62520826903622,278.012556782833,0.0981321367904461,2.69315555328325,0.20466554885269,1,FALSE
0.929622292917556,142.000633262993,0.0470874408769486,3.84077804545542,0.0749716171005406,1,FALSE
57.1286740192874,12.0311180257605,0.0135295438835176,1.47271323398788,0.697566201692673,1,FALSE
12.2885669943034,270.099404592261,0.0353756382178265,4.89384660319427,0.812517760626603,1,FALSE
79.48894616956,10.3930190801253,0.0410058723525194,2.77297506055674,0.897352548323099,1,FALSE
75.2913904262858,273.900970100243,0.0115178518224212,2.64355273962276,0.064332928653762,1,FALSE
20.1509727278674,317.707259726696,0.0898990145138174,2.40405390521027,0.131116084567529,1,FALSE
74.0875321599615,296.910620664802,0.0562388894175573,4.63372931601845,0.250174171472245,1,FALSE
51.4224514893363,57.3174879182188,0.0452980538478669,0.327080975776735,0.694198362778867,1,FALSE
66.2441190319044,131.705337616681,0.041533461034093,1.10961888885142,0.877470503803367,1,FALSE
8.6824925144516,302.843196818854,0.043255995817065,1.15162396342163,0.887605791589042,1,FALSE
82.3248454155139,237.464314990221,0.0850214223456699,1.45134896528921,0.86450253139266,1,FALSE
42.7161639399198,34.594054626501,0.0743822468566493,2.51156789879085,0.696562927640111,1,FALSE
79.9269844817325,342.48589936261,0.00220136836740296,3.41231808592802,0.803043078870326,1,FALSE
26.2493449947033,240.004502132308,0.0988988116114756,2.92962407273841,0.620069824467852,1,FALSE
29.9544912257283,314.341400162841,0.0778901431009615,2.17339023662013,0.699886752536177,1,FALSE
2.22312699526046,16.9458970058179,0.0842936747582546,4.39227370073295,0.644690966997529,1,FALSE
8.87215035839735,143.879356745147,0.0225882034871602,0.442666483551876,0.0221020373092833,1,FALSE
38.321788572819,260.876776075129,0.00566390192486616,0.632860401271601,0.86045869933476,1,FALSE
17.4082725840753,88.6263867709347,0.0105291778849412,1.46215999899462,0.392856880458889,1,FALSE
7.0178694254879,172.137810257037,0.0115532206623698,2.91437545789175,0.0358249528715178,1,FALSE
62.2481874543556,110.34837531254,0.0608363013415483,2.73584093799231,0.616315086594843,1,FALSE
28.3770711220612,170.292204146248,0.0599582885717889,4.78077982392213,0.639938638180279,1,FALSE
19.4330137155882,230.041289002904,0.043013704705604,2.44435186967468,0.763925359255707,1,FALSE
1.35264821009869,69.3721267908918,0.026392811522322,2.58368201387438,0.847450170902879,1,FALSE
71.3403855876811,248.323786406159,0.0627665146365564,4.66242133490547,0.0326965662546283,1,FALSE
30.4536551584844,101.589235434137,0.0586652343010457,1.71959775025126,0.55268827347002,1,FALSE
27.1220219381015,28.2660912330787,0.0106258876504993,3.70514974542501,0.546516160152629,1,FALSE
40.844280477448,254.537652134311,0.0832620907626196,1.9428190962268,0.645444228348266,1,FALSE
65.3699822993978,275.32836098137,0.0714370566082438,3.83058575541569,0.758987828901007,1,FALSE
59.6611158675459,234.219987010667,0.0224028198836992,0.129787371241435,0.154787596586156,1,FALSE
86.3829551938192,226.371667349001,0.0813526674526732,4.92992586025795,0.200528431645481,1,FALSE
17.2005461493026,167.802877414144,0.0387727221901543,3.69660685995552,0.713268781869799,1,FALSE
64.5975958499675,338.414845232662,0.06531701724187,1.27293103327454,0.5484264928372,1,FALSE
42.9600103034382,303.986269339083,0.0846128643584521,4.09948338747503,0.703775477307443,1,FALSE
31.9969329283876,329.853165589424,0.0920172736633366,0.858171828183285,0.428804736148907,1,FALSE
38.0954936713778,97.3214994296513,0.0254491428755181,4.28261131932753,0.829283670364274,1,FALSE
84.9130331458577,301.622896588542,0.0460466017920741,3.44574296308368,0.704707953702299,1,FALSE
31.571651415808,103.81519046515,0.0386401432472537,0.956428129995487,0.291056271589814,1,FALSE
44.3617497895388,161.822364464866,0.0281510586678004,0.449882123872517,0.5549667391505,1,FALSE
0.233925435390438,269.769607430261,0.0656356444411106,0.865039536211692,0.260338761920422,1,FALSE
1.06079221496842,167.370819640358,0.047600935920783,4.86231805973923,0.78720084142242,1,FALSE
58.6496979827809,290.265374025631,0.0751824880085973,2.06868560873685,0.884211454304304,1,FALSE
52.2829250429609,54.4536254151029,0.0676955432596879,3.61426312032312,0.10989460799843,1,FALSE
77.2745381557606,154.436225552127,0.0933617264509665,3.9991501997037,0.581051444082516,1,FALSE
66.7177219991028,292.758969530908,0.0182834520061123,2.65193614568997,0.289920815458971,1,FALSE
2.01839877725461,201.358667624417,0.0478287121845903,0.221696875831334,0.121108953371817,1,FALSE
80.6945856368974,204.656681686542,0.0525492075245444,2.04355467798267,0.437068374532308,1,FALSE
25.0432571902064,74.9880243301079,0.0866433349400139,2.33015566282356,0.226790486052954,1,FALSE
67.8005673093288,242.636142962732,0.000744594490564348,0.927525977115474,0.129417118663984,1,FALSE
14.2580120787701,73.4738259854486,0.0246963526921071,1.48479886807459,0.744908582219673,1,FALSE
52.778339236939,19.1004253793632,0.0797653214655414,3.29797671379409,0.422970068418797,1,FALSE
22.3611295900743,47.0024223298706,0.0201708828201945,0.250245689333208,0.277928855897207,1,FALSE
47.6796037278617,172.965254594282,0.0309449324051817,4.12368321791992,0.527544249555153,1,FALSE
76.9707114627929,158.769653448801,0.0961335906115051,4.79798332755001,0.368358259289627,1,FALSE
74.5332425210146,215.870756788259,0.0346733378187693,4.9165957953045,0.886741628818442,1,FALSE
49.783343645228,23.2711588723614,0.0880652757769025,3.32759617291298,0.792700432409889,1,FALSE
44.6810472928234,347.709519821296,0.0589848456931598,1.78118918442338,0.560192762459166,1,FALSE
66.4956725193178,123.82836583469,0.016160786671006,1.31142699577492,0.779623033674655,1,FALSE
79.2921046375832,83.4152031267119,0.0736898851097692,0.621462065679978,0.683442323679142,1,FALSE
24.8042278394847,244.182435229334,0.0478766913076005,0.393274935305395,0.596356642465019,1,FALSE
30.9416613344833,145.458620143232,0.0178974566046407,4.92204273694029,0.33486883684447,1,FALSE
3.05879561688134,90.5304218067269,0.0545862785917208,0.601794668873141,0.374777802548302,1,FALSE
1.25943870790565,119.433371868133,0.0903002898360929,2.84334159938969,0.503640790145286,1,FALSE
43.2913976507044,28.0026429606034,0.0338058832171801,2.57251795340789,0.47295794481614,1,FALSE
84.3852845263544,287.229980715298,0.029299577885883,2.18536058074492,0.103643180857082,1,FALSE
60.0970300183013,292.270090923448,0.0857136654992687,4.30381881935762,0.305275120409118,1,FALSE
10.4587718578504,135.085338786205,0.0658925370691828,3.83395809447004,0.203150192926051,1,FALSE
31.8584936858282,197.182518106286,0.0915168596063524,0.680304505765284,0.45750572788948,1,FALSE
58.1680532018084,230.571395571747,0.0308724376028839,1.40200869470318,0.671110710509379,1,FALSE
53.8298345918389,346.577900687583,0.0748916666678401,2.29874151358992,0.464673344735591,1,FALSE
71.6600419761484,192.319777873011,0.0556252636595757,1.34208382866379,0.755839417401487,1,FALSE
85.1360385891553,52.8813070654772,0.0571759549325608,3.69120621127889,0.402821147146206,1,FALSE
27.9645938054872,121.003774229756,0.0120540359231922,2.8743200287918,0.279706272331892,1,FALSE
51.311189662272,17.5259990653522,0.0659911734600561,1.82722256913183,0.439376179066004,1,FALSE
57.7489494482813,356.329834571696,0.0758576147181876,2.66345320068446,0.538722419968104,1,FALSE
48.1459184838531,192.58035350601,0.0427202368619408,1.47089752200681,0.115954794707009,1,FALSE
37.5824772332244,124.282061658599,0.060709145999882,1.12296478394435,0.444581607950408,1,FALSE
60.8425825387894,66.633030544671,0.0440417539154843,2.30885512680976,0.347845936635201,1,FALSE
65.6413060403875,76.1808125638238,0.0911708162945904,2.08956994573924,0.513324588785543,1,FALSE
68.9633542345785,268.554506230479,0.00256903396739603,0.724188037946613,0.649288783048854,1,FALSE
76.8016901542618,157.420882346224,0.0081322273920065,4.81339296792302,0.584913569387035,1,FALSE
72.7030290562264,269.179972002406,0.0890911278529639,1.3803771044422,0.0337587338214872,1,FALSE
7.75687299425658,335.882862827947,0.0664229620408584,1.8356267007185,0.61748071170151,1,FALSE
58.9914809337566,200.666180222403,0.0403755745966079,2.21560370256695,0.770809486071405,1,FALSE
73.6397325968017,57.5751747667658,0.0584075253327483,0.666187026459468,0.0194403184338813,1,FALSE
13.2239605898652,235.273923612198,0.0126819591385702,4.2110556180858,0.0907094566170608,1,FALSE
35.5136977480205,127.432373175771,0.0927667207636214,4.1481544280574,0.532311906875464,1,FALSE
78.3790064406771,125.773114127539,0.0594294925092288,2.85796876214852,0.589295972056343,1,FALSE
28.9055691800691,106.773406706201,0.0715248181632259,0.155544047687473,0.32629602535005,1,FALSE
86.0654726912385,36.5556583581945,0.0939319403857933,2.10895922726009,0.192664620353356,1,FALSE
79.3440741024314,39.7072416331919,0.0642569286451864,4.74281871927769,0.322750335094982,1,FALSE
69.095448269009,184.521353862393,0.00601475605630066,3.74391367416225,0.629004512688252,1,FALSE
23.1779417296769,158.319121781757,0.0469277632846345,4.58158829543422,0.565105305642817,1,FALSE
69.4828012516551,151.138057947627,0.0527969064017377,1.56045301571075,0.556701277027043,1,FALSE
55.4264608994759,159.750907245466,0.0312897897180441,2.83738514865565,0.0804505514079972,1,FALSE
8.04702290746308,271.89999737119,0.0363432435277185,1.39082069543998,0.49856958483124,1,FALSE
46.9496767159134,193.683830165755,0.0172175411031694,0.759540486665541,0.724370741539745,1,FALSE
42.4621103451454,249.156957083193,0.0753459979303851,3.09050235755753,0.526755468316231,1,FALSE
67.6771017883618,77.7517404693649,0.0790572247978819,4.61225370213128,0.807272049644651,1,FALSE
10.9543169096042,355.91541882641,0.0211029545186028,0.428228842584323,0.316340976028862,1,FALSE
56.0238754988699,150.610554251874,0.081959107984522,3.43265132255654,0.453843585626806,1,FALSE
53.6964945149885,65.8533178280746,0.0961640558560667,3.03992291045561,0.475332086953398,1,FALSE
56.4283560086363,352.083374791508,0.097019138593185,2.13559998935573,0.0740898587077043,1,FALSE
87.9127670886478,203.004674055353,0.00639108808209801,2.37300452969804,0.21650783060041,1,FALSE
22.8585083804451,112.259093176835,0.0695584776580714,0.368914009667494,0.430862790738368,1,FALSE
2.97350738760306,169.993891293676,0.026987739783714,1.37563316268746,0.137848651130767,1,FALSE
28.3067203554003,123.442391985875,0.0153352167861455,0.0853218294910482,0.0408923818620703,1,FALSE
44.836338221734,120.479793646544,0.0367306397361991,3.30637470389855,0.264034317324408,1,FALSE
14.9145210471443,176.440439014183,0.0685726489800753,1.79672573067037,0.233310906040526,1,FALSE
41.1698291147008,255.786531107895,0.0732388684518087,3.22403609233338,0.668695789555256,1,FALSE
80.2754303827084,295.889317019009,0.0408456419063857,1.63865186323775,0.129653778992739,1,FALSE
39.6851488075775,92.7509958895238,0.0180654072266828,0.0727680563553599,0.325203611989569,1,FALSE
3.31344379968855,321.967389785188,0.0959952244374079,1.44474080839429,0.31699612445332,1,FALSE
7.88992718445902,13.5594916793842,0.0669351881555373,4.01553277543346,0.716877231051899,1,FALSE
31.3057722378188,232.373654089338,0.0258630390226823,3.51717224099017,0.651187745508219,1,FALSE
62.6054762336991,139.799267309391,0.0472445960493376,1.16725149320166,0.778486571521593,1,FALSE
65.8494011755184,270.787435570873,0.060536424590027,0.47355857464396,0.31254926032439,1,FALSE
54.0574581883436,28.9135871818216,0.0317589883214118,2.15271305948038,0.257494062825005,1,FALSE
89.8162308654301,222.567611038038,0.0283529387916185,0.907475861259498,0.691547463997852,1,FALSE
27.7488593939475,114.604062794589,0.0489487728187965,4.13617152212646,0.417363182294299,1,FALSE
89.5806661133306,108.667001110947,0.00200594407915053,3.7310739365349,0.202377625149224,1,FALSE
37.0767766156983,300.856644670515,0.0139526732742218,0.386973855818287,0.265455256038488,1,FALSE
7.40681659992641,41.2547490799227,0.01572598333235,4.45899360932006,0.0274124138294212,1,FALSE
18.6010109615406,24.4480141200452,0.0100021131689752,1.72202134518242,0.0854153291673559,1,FALSE
7.07930338150242,313.0316739372,0.0132185514666184,0.236313300298798,0.586089548382588,1,FALSE
89.3643363487585,84.2012630304017,0.00165642483801962,2.51252031709911,0.199660359194296,1,FALSE
76.5588613453217,281.918635366406,0.028928439005277,4.4903745902567,0.143216475048789,1,FALSE
23.7829694636636,81.3122568360125,0.0437181490507571,0.189477573740141,0.272504689112346,1,FALSE
4.06923564460152,321.064122720328,0.0311825255795674,2.56257860103444,0.349941851535455,1,FALSE
28.7947655786311,322.279876619643,0.0266329119691918,3.20938629960277,0.174093146607171,1,FALSE
64.2932714921368,188.331564729018,0.0909727838217325,3.13818575854195,0.362742035056675,1,FALSE
18.4473321239774,51.8919636822038,0.0446219494800841,2.20512066132415,0.250880776458085,1,FALSE
82.7599112791376,327.968169574426,0.0945978259819811,1.59319355845644,0.277736627681576,1,FALSE
81.9934906186326,126.179288795515,6.4502521114546e-05,3.00553339357463,0.162453543967068,1,FALSE
9.00818308908261,193.55012190866,0.060315450079109,4.28879095663794,0.377472760323345,1,FALSE
5.65051217670984,243.34877808139,0.0859008444893397,1.24990370875503,0.642075632980739,1,FALSE
38.7001754397462,19.6884913372639,0.0291771517109982,1.19338672452989,0.111376989730637,1,FALSE
74.7402982862215,353.232319896759,0.0610953004839603,4.63195237948701,0.327537409653166,1,FALSE
48.8601037980517,155.356013126443,0.0176418254863982,3.91619425480636,0.540294017799878,1,FALSE
75.4299684029951,114.116572484585,0.0691207849247389,2.24443529799081,0.765963190761028,1,FALSE
43.1491579607615,64.0214863121101,0.0159897302452717,2.7764959007034,0.757493264596322,1,FALSE
62.8427556413703,283.08492134334,0.0547565931246642,4.95879240893312,0.147037714673878,1,FALSE
29.4729766411658,69.7261339716756,0.0948353808118029,4.49860350602621,0.591835190255521,1,FALSE
88.2573799411615,174.033281299674,0.0248865089706131,1.34978819087612,0.349542072748754,1,FALSE
7.22649909727457,276.92348880554,0.0667121744433353,1.4097403849964,0.242163321080853,1,FALSE
19.8048214492041,258.534378494912,0.0915913668120569,3.12110253093888,0.82210749540451,1,FALSE
26.5127347937657,115.228819807387,0.0635800527678083,2.98641357587604,0.319225263592148,1,FALSE
11.2854194226543,285.140957982211,0.0899551563548186,0.599977632316609,0.243755314955,1,FALSE
48.7751881501542,85.21280754501,0.0756005479556588,1.5353992809232,0.119456059065978,1,FALSE
23.371398755607,109.940675301037,0.0957909721465507,0.563050489951508,0.652566920243427,1,FALSE
21.1194205271545,70.6479540155839,0.034443608577538,0.28644771668248,0.459252779437438,1,FALSE
70.927348384088,249.950970665398,0.0101666489274295,1.98266395110872,0.136242402294693,1,FALSE
27.5749202110952,162.936813171205,0.0718397714669892,2.09673781121556,0.355223735693837,1,FALSE
82.6061855292671,303.678424600408,0.096694115447415,4.65012815633292,0.879442101548192,1,FALSE
4.19637847490951,312.103290063326,0.0496062231149186,2.1498862973825,0.593465451311808,1,FALSE
79.7315922796566,130.816980578179,0.0203685600738648,2.27815985166497,0.529659762007806,1,FALSE
15.8060552184832,358.938135244109,0.0336111631540772,0.508191864334025,0.899336014895693,1,FALSE
33.2785879177587,317.354699640045,0.00324418504511716,3.76463429547938,0.388938406532181,1,FALSE
20.5494492474788,232.838730015524,0.0674791237783753,1.62381268305914,0.267309466040444,1,FALSE
19.2481556692497,194.612737972139,0.0328729712582701,1.05700358006934,0.685743301550682,1,FALSE
71.0149648290073,190.870242707461,0.0171196913857609,3.525868797769,0.0656464416156104,1,FALSE
39.2074728679066,21.5753754547029,0.016155065724797,3.56597823266766,0.1820058974783,1,FALSE
54.8733761929083,53.5114651145959,0.0201477286876756,4.88230407946539,0.584374467386633,1,FALSE
2.58959834299154,84.9765026570426,0.0495151965834854,4.76033102633172,0.00532644463063695,1,FALSE
37.82591876116,147.827193740063,0.0395316040824758,2.48530827644656,0.850372713023816,1,FALSE
77.5024466347613,334.861558585283,0.0847386156535596,2.26356914281621,0.823452143690168,1,FALSE
55.748845837079,15.9979397897438,0.0740485849305675,0.673930582490182,0.849294839930843,1,FALSE
55.2196069118339,319.946057427196,0.0917344400049661,3.27446797330336,0.0293430625919991,1,FALSE
82.1659675445429,211.213172082038,0.063724411036176,3.89562239180353,0.604809925824065,1,FALSE
35.4073073726073,267.279912764521,0.0734124735425866,2.72097203014656,0.599958064728211,1,FALSE
77.3348604241617,165.626635038834,0.0808565330464204,4.40856588485038,0.0547771503606549,1,FALSE
57.1980437749943,62.0204212902452,0.0667260854973983,2.55344678894545,0.343615348149797,1,FALSE
10.83940831129,139.003277942013,0.00469821457016017,0.330789748088519,0.501398832123111,1,FALSE
54.6048988471317,65.4582028672242,0.0723226486451344,4.31352209304939,0.46658930017643,1,FALSE
84.6878204802001,104.049669483882,0.0821674365419771,3.60478323544816,0.708522747152022,1,FALSE
65.7931302110281,100.741067610115,0.0906361208646729,2.97278418273737,0.516587760354805,1,FALSE
64.0564382369991,70.9817126766323,0.0377400269776968,1.05351932258811,0.385525073986783,1,FALSE
74.9458777463489,187.43772493457,0.000322791000888806,4.07504458281614,0.823771502395866,1,FALSE
47.3590023770967,286.271612996391,0.0789701528834998,3.47487049679949,0.522719464428213,1,FALSE
9.41899947714803,214.364870515556,0.023481928052325,3.94589957662372,0.139500517305608,1,FALSE
73.0762906918368,133.034683687473,0.0737705953138982,1.68598272241568,0.744034770070247,1,FALSE
87.097390070379,227.308753775077,0.0244547101377742,3.42007079531409,0.81748165780027,1,FALSE
83.0047242354952,308.471136503616,0.00732783360493122,1.61436694977719,0.210050916015438,1,FALSE
2.81920469092451,294.301676230562,0.0774383442503157,2.76000849109743,0.0595809770067509,1,FALSE
88.4233303713102,279.312524648556,0.0148194829791906,0.973727214129469,0.890680619700506,1,FALSE
36.6466259090831,149.178381179674,0.0604710509303721,1.12946956459285,0.177661701817781,1,FALSE
52.594261078348,263.572766914166,0.0536904840450223,0.057491156523619,0.661885764300581,1,FALSE
25.8593510331272,280.0225424301,0.0464126945154556,1.78738105639239,0.473782905230588,1,FALSE
54.8494974609147,255.187783824112,0.0468757102165156,4.00419867497155,0.188951376051634,1,FALSE
73.1577124239291,257.562310766154,0.0189248415421804,4.84665099131116,0.85833170629003,1,FALSE
83.6720476056696,122.638979830342,0.0676391317668509,0.512833966386846,0.10798486382508,1,FALSE
62.437095255495,191.334508655234,0.0236535921444248,1.70904713462894,0.0927025985091321,1,FALSE
16.0953889301496,289.274077956266,0.0918712337203549,0.310508235060077,0.211166437948472,1,FALSE
67.9015856002629,250.847971312715,0.055764472083964,3.92873871433401,0.356665595082018,1,FALSE
67.5289302651215,266.421876365416,0.0133982741637437,2.59333299398172,0.144100920314461,1,FALSE
13.8831940731984,310.763483639691,0.0362626116129158,1.65109345143741,0.861650162105456,1,FALSE
0.0139815723291056,206.056290880917,0.0825821818747683,4.16328558885944,0.841678368042368,1,FALSE
81.6491628146101,333.66805374911,0.0339900860692975,2.94862811135749,0.638899977383389,1,FALSE
51.6238022902065,38.7102231582068,0.019106766787052,4.77308652618015,0.238587947197383,1,FALSE
54.303941581239,280.599277720744,0.0682439773462776,2.05977351057923,0.293645791745504,1,FALSE
43.4059476787609,102.986300328489,0.0297924919435844,1.72879258165622,0.655729671316839,1,FALSE
56.6678801896291,345.746755367692,0.0305776196531916,3.37607763830762,0.276100880823625,1,FALSE
44.5818077941444,207.683408833559,0.0155024383284215,0.780782473456756,0.507177163637255,1,FALSE
45.6162006896161,130.193949594839,0.0150335561787197,1.67080683317031,0.410743396322072,1,FALSE
31.798649978088,231.619195990398,0.066154013231144,1.66300879361896,0.0382974556665753,1,FALSE
9.26491332580847,310.164156700019,0.0379107661620526,4.98733123144063,0.729441529700532,1,FALSE
71.4240534610886,305.107715894017,0.0574348694013182,4.1531414019981,0.339718570974288,1,FALSE
64.1556975792984,13.2017379139945,0.0622312583594261,3.72672863252078,0.618508978468242,1,FALSE
19.6454069806013,202.120263289302,0.052920191631848,0.265472307283953,0.0249790483623655,1,FALSE
35.2085094882087,56.5571354159842,0.0600102822917092,4.34668524477783,0.105934110800003,1,FALSE
59.551175484595,243.666819596583,0.0279698356166402,1.67775004602317,0.78869651242135,1,FALSE
78.770003860146,76.5543807018733,0.0632999341854794,1.18969864169725,0.393721681190587,1,FALSE
53.1935530747778,279.157422476717,0.0370869262440504,4.24816000452854,0.786071886007989,1,FALSE
32.3195499522505,344.045160298285,0.0369196907658725,1.55642163985216,0.534075705306173,1,FALSE
64.798078258101,229.645289447506,0.0333069532926395,3.32840477643073,0.689474490348914,1,FALSE
72.1108535017263,258.426689021425,0.0439735719988735,4.66574917996578,0.208613639398505,1,FALSE
45.0972562659954,5.97319764896992,0.0483924875723658,0.784193024737795,0.232480637168729,1,FALSE
12.9304359544391,31.1278425245186,0.0818484384131793,3.49746369154575,0.798619109598877,1,FALSE
44.2042258010169,164.081132811255,0.0481116475229391,1.11972170439319,0.497958216230112,1,FALSE
9.85210588882259,259.76790167343,0.0829582211083057,4.83322165648781,0.504643451072331,1,FALSE
32.6987670448161,318.720850189406,0.00424066627129414,3.39399677712455,0.613409228580557,1,FALSE
4.59886979628096,74.0872268151307,0.00880188133174351,1.96950233591173,0.408115433315637,1,FALSE
3.55218367077555,344.749472126648,0.0800754600487314,1.90542433858296,0.239577301980238,1,FALSE
86.2337491315147,6.94990704099868,0.090134045080962,3.22057592455107,0.777152469067395,1,FALSE
39.1111061890624,33.9281215509291,0.0626149793207822,1.2872889816752,0.756428700421948,1,FALSE
87.7664574637001,44.2761211739979,0.00749272912403747,3.66625919668887,0.811663431922028,1,FALSE
16.8141828662246,115.985755610345,0.0551679123963522,4.54427004981045,0.485485254944706,1,FALSE
1.93315186050152,7.69895992082983,0.0289950841205794,2.24981729084672,0.796211386963196,1,FALSE
29.8796056718375,253.497657183262,0.0466489235926643,1.24384241210092,0.296428238122192,1,FALSE
24.2601736598099,144.855865926683,0.0197360262888608,0.808688826292585,0.108749412496956,1,FALSE
26.0822894215649,154.518239553154,0.0775005157258239,4.84940489055501,0.749349414740512,1,FALSE
22.9953455673437,18.0538478024185,0.0616761633889382,1.81850281706093,0.49584802628489,1,FALSE
72.7907880780967,256.201271787667,0.0423595760288257,2.6264733903153,0.631623690862611,1,FALSE
11.8322883903896,128.767256759096,0.027470920816183,3.12954421438863,0.352837825789421,1,FALSE
55.660376281343,180.612905051014,0.0634766596926621,4.25819034036798,0.420473869415039,1,FALSE
81.9123918551322,67.3329656443318,0.0576212276215701,4.19850319209897,0.171360824149328,1,FALSE
72.2913688438229,328.5456711727,0.00903707686074823,0.17872338450478,0.19557225968275,1,FALSE
50.5609757176365,334.894885691555,0.079598973829473,4.24703826020471,0.478079867199802,1,FALSE
18.0128317528882,313.446645553888,0.0233541744537811,1.93551372843675,0.666983400923961,1,FALSE
76.228660993284,241.090261300189,0.0681238702306908,3.44935509993924,0.767169820091045,1,FALSE
22.1506361783567,306.371353982743,0.090729739108222,2.1658512117176,0.789753541177571,1,FALSE
15.845748577929,346.262663590009,0.0781808418472146,2.78793053003437,0.818172074250456,1,FALSE
5.41149198040141,228.207434900179,0.0987675590881268,1.09867129648748,0.320563988263502,1,FALSE
42.2888631653123,336.303508419605,0.0936703937678602,3.54826651534052,0.621072294650599,1,FALSE
26.9527818970239,355.223781841815,0.0357846662754218,2.92500892558737,0.871132054251457,1,FALSE
81.5799025973072,91.662090230489,0.095660823496769,4.52865314802338,0.524474733885793,1,FALSE
87.122479204134,330.359375783008,0.0231859783276831,0.842985785181877,0.34545026188319,1,FALSE
15.6933424411619,55.3050102789087,0.0598139485799198,4.13036992079693,0.246090085789454,1,FALSE
14.6853860006072,327.342818740753,0.0550360257043255,2.22759292832094,0.783082794549898,1,FALSE
45.9086107043994,356.808004306471,0.0629691554279589,0.769212288438379,0.21407944056661,1,FALSE
45.4499730189206,299.893987981199,0.0455738515774163,0.88270098448773,0.359174819288673,1,FALSE
59.9264748989648,29.7553999548264,0.00546721438822816,4.87582550393876,0.321510281145475,1,FALSE
35.6090628550679,113.663094638922,0.036128663507449,0.104679925450456,0.29449170394969,1,FALSE
75.1516031191231,213.123631529884,0.0871722717027721,4.51622979434202,0.371527849350952,1,FALSE
6.16340320623011,22.4262523501615,0.0436578250236129,1.30023817580788,0.0958790122754766,1,FALSE
54.5683249487885,238.865934479103,0.0543295205915487,3.49440783279129,0.140032003079601,1,FALSE
60.3311421776259,241.499857150337,0.0925314751011103,3.11949446602698,0.573245465048742,1,FALSE
50.194039119104,30.6966014641871,0.0218305847149625,0.0659903987268924,0.718723948256006,1,FALSE
87.306736027459,91.1424044038566,0.0913102275629452,4.54021081394606,0.717445936267738,1,FALSE
11.7901949628425,98.7115276740237,0.0993762122605024,1.23934795811036,0.491480614320219,1,FALSE
26.7662954234773,140.610133263027,0.0205069524097084,0.146574266059195,0.229038393033963,1,FALSE
36.5253696960613,283.803469747483,0.00822638611284278,3.18985970532587,0.231066970268639,1,FALSE
44.3205796297771,357.796825327719,0.0838537412703732,3.17134118872857,0.747174463150866,1,FALSE
5.88178516659218,316.620533799697,0.0727022755845993,1.29113173047532,0.735418273820384,1,FALSE
10.3511708852769,326.450528042623,0.023985406398886,1.49585608477752,0.215327404871904,1,FALSE
52.0061411659302,5.08839702067547,0.0380856764056302,0.471244027537005,0.410301756780382,1,FALSE
57.4458034447411,47.4637603505078,0.00528473607056427,3.9581877025196,0.478305663787587,1,FALSE
66.2389775543798,32.7442442689492,0.0322479225332029,0.74856364396709,0.297607711167895,1,FALSE
30.7075739765743,310.63735963389,0.0405554940434226,0.300890629155853,0.845247499149432,1,FALSE
30.2508412611743,0.0992180386138503,0.0969461767100182,3.67331474075128,0.484419490110589,1,FALSE
5.27168488249147,152.07052188163,0.0672046598214678,4.46917680846452,0.490960355103927,1,FALSE
17.7348901829257,164.338999766944,0.0372404019700185,4.2192193507081,0.855475623229791,1,FALSE
24.5953186562923,313.695331210095,0.0822402738434209,4.90994821348349,0.16792795649269,1,FALSE
67.3801878551559,177.610303252898,0.0064805450887497,2.08552060696769,0.725977867632219,1,FALSE
58.8319191312713,338.972168222703,0.0482529404735127,3.80217304780986,0.705964027016172,1,FALSE
82.4883739909823,316.135177912523,0.0891807428194942,3.92665505638538,0.449079258098157,1,FALSE
34.4476447802014,58.6622802882781,0.0270463407590331,4.33604002576515,0.184935165097852,1,FALSE
22.6602712186408,159.327942147984,0.00957321349029159,0.345297334508469,0.0820564669125306,1,FALSE
76.3671069203108,324.828574962641,0.00100317688018568,4.48642618794382,0.283170934460879,1,FALSE
55.027488446602,231.406912262398,0.0782849765206303,2.40949044456287,0.236271748035039,1,FALSE
13.6693861769513,140.964222513829,0.0882209248711244,2.79225721723156,0.545288639759095,1,FALSE
25.0792655015009,334.055703323198,0.0710867648169322,0.495573154898178,0.156159772378568,1,FALSE
30.6611548130438,86.3051553405427,0.0854705105547109,3.46504338729964,0.450604916623808,1,FALSE
29.3436498767117,219.321018678096,0.0848031928304267,2.32550905548825,0.101386917828992,1,FALSE
68.0913570235284,14.9970059625167,0.0886706819140869,1.08036556165759,0.67679602922506,1,FALSE
0.672065859533311,339.724750252672,0.0742199346024139,0.414066630489626,0.00288606622568839,1,FALSE
83.8385739913153,105.861509950632,0.0564691923863422,4.97833874808402,0.664164448980085,1,FALSE
43.7764929134302,166.530557657596,0.0456588577015145,4.83079969260244,0.42656307863038,1,FALSE
51.9435570276389,117.072353704747,0.055985388979465,1.41911734043816,0.346968797517137,1,FALSE
67.0160868889694,200.143131484418,0.014551717374408,0.580007796494668,0.261642048702414,1,FALSE
50.4444430605611,272.622759247874,0.0023314230445344,0.889678047449569,0.146479273663575,1,FALSE
51.120767434284,244.793844332951,0.0490247193270599,4.44215251408325,0.223650480217696,1,FALSE
24.0191844219506,321.428209742668,0.070111089408674,1.85334631746449,0.81613317705751,1,FALSE
5.92077006300543,181.707793745882,0.0986886750776797,4.99578904499955,0.33771630137597,1,FALSE
73.3771264245534,276.614043399997,0.0238199304770272,2.00767227893226,0.56001521300926,1,FALSE
21.7125124947863,261.640020926199,0.0776312626036123,2.70860888547046,0.424158564729211,1,FALSE
70.2553778200258,222.893157800182,0.0166801095957735,1.21828731235391,0.827407020939929,1,FALSE
6.57542030721331,14.735179197424,0.0799277350337079,3.97257717982308,0.253309411719562,1,FALSE
19.5726119059174,299.419770793725,0.0734963048666044,4.94798686657224,0.42499953021755,1,FALSE
88.0526012206443,337.510902616603,0.0245344000435889,2.03275371777005,0.833614685092497,1,FALSE
10.7809800110487,315.052178052726,0.0688041640372356,4.7238002924692,0.466125464514535,1,FALSE
41.4659209544248,351.461133646184,0.0463137021614541,2.54078094995451,0.576779604052621,1,FALSE
18.8997821343436,95.9855454420521,0.0500121379984461,1.21106836779002,0.593162878298079,1,FALSE
53.0826351987245,8.97928433090633,0.00396654696052935,2.75794815489771,0.554214822665798,1,FALSE
76.7361261458495,280.90240256013,0.0944114057620923,4.10505600534278,0.662509120644885,1,FALSE
77.7442790222154,234.422831358687,0.0640985670599765,4.7494692164477,0.606462378861908,1,FALSE
85.3883140615563,347.202013167956,0.0746487028615294,2.71384119047014,0.740264211429338,1,FALSE
79.0809085939222,96.6601018609972,0.0392750895543254,1.15649532988645,0.543482045642795,1,FALSE
9.70098746376797,196.103987625484,0.0816337907984081,4.75760020898023,0.188563015426916,1,FALSE
26.4091700285569,289.505865740992,0.0719176657168554,0.718347095714928,0.650358708499645,1,FALSE
46.1503730959514,42.9337083345548,0.0209591350779264,0.0125697912477228,0.721114325842098,1,FALSE
40.4492465675742,206.686736717607,0.0565157195883407,1.42462596984073,0.0714244430363095,1,FALSE
78.6886589421651,353.704900595393,0.0112341587221029,3.71603522757798,0.399521757907692,1,FALSE
28.5962026529708,78.2274058728996,0.0811921195173545,3.64153986806429,0.714943025158306,1,FALSE
75.9069343521153,253.116543557322,0.0110092876718221,4.97255823873079,0.176733777046349,1,FALSE
13.6991902276258,62.5394938613404,0.0314737153823238,4.7050655604167,0.600758262703186,1,FALSE
20.3185765737239,165.423746887363,0.0649425825075566,2.02238555316073,0.133991083210722,1,FALSE
16.2860070038963,235.92065070226,0.0978968478117474,3.26947999022618,0.0456676638104753,1,FALSE
20.8646601694658,354.96500910923,0.0975439865197309,3.36829581510404,0.0885605786594656,1,FALSE
18.7735592951002,138.246675299492,0.0941235482856115,3.98727647138981,0.196986152769513,1,FALSE
66.5315747647303,212.464742554564,0.0644775730994286,2.43685007278081,0.804590240754869,1,FALSE
78.5807244666569,8.41127836318619,0.0973065390814655,1.62461567339675,0.62626348680908,1,FALSE
85.0802968745189,284.446987941332,0.0534597622819502,1.94632087948423,0.783706362190927,1,FALSE
69.3048643715912,62.8848891760065,0.00312689705461138,3.9823030827602,0.100361906593274,1,FALSE
68.8272068537686,336.923514376723,0.00486589251435028,3.89725900275211,0.773174364760841,1,FALSE
33.2019208473264,109.298030829377,0.0261989776336279,1.20096654888267,0.224838072969969,1,FALSE
15.2129090346538,4.46550748980268,0.0618756335829319,1.75830444906823,0.702366914070658,1,FALSE
55.5535372452959,137.505219228813,0.0996327000191998,0.141823950146181,0.623621079307437,1,FALSE
37.6526026903944,221.58186347433,0.0194668538982388,2.81595118858056,0.363971408697807,1,FALSE
77.7985396428556,18.8276452893812,0.0514866434418275,3.15736497908177,0.0490244957721176,1,FALSE
28.1691875731328,329.655573733135,0.0894414573285317,0.988180217127662,0.376696250719656,1,FALSE
38.4867505910276,131.054205627493,0.0984424993245024,0.0986411380146995,0.88977745840254,1,FALSE
5.60597380029283,264.712097832329,0.0493463879799211,3.96237877815747,0.288411240169801,1,FALSE
0.345015882064426,315.874417123107,0.0595873879573719,0.230245946454619,0.50050077001553,1,FALSE
80.140920989707,331.571839211323,0.0874771944772584,0.795041014265393,0.0305665080862291,1,FALSE
29.1278929045409,178.356100178686,0.0992308659724566,0.0478602328400427,0.791282498974027,1,FALSE
83.1746160000861,0.702788060804251,0.0185143470137809,4.2786000645116,0.0982724206298272,1,FALSE
2.60100683792341,324.219659731824,0.00588772146761559,1.70174088098717,0.831509258358443,1,FALSE
58.0052884471184,302.28750949784,0.0128525291757393,1.59032657584826,0.300793712025465,1,FALSE
49.1403989119909,274.883192069101,0.00943635353197379,3.7869205927829,0.406609656892253,1,FALSE
36.8908552395296,209.848900222643,0.0541683148899976,0.928320998492364,0.66536046738679,1,FALSE
20.6478355803224,129.706338613905,0.0330512123472831,2.96784981296788,0.826295283388416,1,FALSE
37.9187996941075,95.4528130659371,0.0852625975024468,0.574256433082125,0.506273230871566,1,FALSE
49.4513819895758,146.390279909201,0.028765592445555,3.16225390561782,0.463346269501044,1,FALSE
78.9333928973381,3.15078145165614,0.0422158181456686,1.88987715165653,0.51046359509791,1,FALSE
72.4652674985285,71.42481240798,0.0331203013106954,0.654016709630255,0.895907603887129,1,FALSE
18.1986734859189,179.984936167136,0.034826278289339,1.9121132659166,0.241441933029239,1,FALSE
1.68241124644259,60.1418053019563,0.000495292756143234,4.06575263586933,0.880292775439717,1,FALSE
60.5578136247194,246.010510345666,0.0411953621798743,0.630511762299213,0.311331732760193,1,FALSE
41.917913594387,224.193506289799,0.083066713186455,0.0529806052138949,0.687352450027845,1,FALSE
10.2017283267918,3.45152128399155,0.0703535290269773,0.434722177886919,0.493654337358834,1,FALSE
86.6539911512691,288.629468403149,0.0265259623297211,4.81766903924457,0.808043144475597,1,FALSE
34.7400370558257,52.5652959129685,0.0942571938283128,3.07511972057095,0.483662193025159,1,FALSE
59.3505860000574,343.179892106172,0.00371563904871534,0.315511840530313,0.255067965283072,1,FALSE
46.248403671504,87.7845502380496,0.0393952839998107,0.806398832141179,0.352672999980297,1,FALSE
46.5135731842274,47.7240492350792,0.0764033731311703,0.951466677984472,0.568578514893765,1,FALSE
0.541898375968184,121.679815501332,0.0896676865459976,4.598144179055,0.122442519654754,1,FALSE
72.1543869146594,238.299349671191,0.0267465578968274,1.07882597130439,0.25431737053538,1,FALSE
21.4849625993539,77.105106162665,0.0828508242162716,4.3771946695206,0.579484952593239,1,FALSE
7.58747205469436,274.524726600877,0.0950076367311153,0.76505427825155,0.308029848011054,1,FALSE
48.9780508497568,104.912465157531,0.0222986956836769,4.60651768558744,0.0154088919161469,1,FALSE
49.8746770257756,38.0201771188021,0.0365564280264585,2.01213143450845,0.708014244580437,1,FALSE
39.4729271514455,174.212941846708,0.0327109330839371,2.49519694607355,0.658344309162893,1,FALSE
61.7700528216835,348.563620931444,0.00779270813440981,3.76977375608146,0.415401391773962,1,FALSE
1.47017522962867,50.8977839893333,0.0569209847215295,0.734362303013764,0.761000164977432,1,FALSE
35.1316741198814,35.7651146415758,0.0761406081718128,1.31906006645516,0.112432130996837,1,FALSE
65.4416054690625,16.4978460585825,0.0165458194340231,1.77176453370578,0.0140388396558721,1,FALSE
58.432299831811,93.2361378262374,0.0728511297408666,1.14224116460471,0.0177243535216026,1,FALSE
74.3185166541774,181.065566451635,0.0461342493473561,4.32656513409632,0.835864847926062,1,FALSE
86.4091376511074,259.321029521983,0.0296777904932248,2.58830131680488,0.44200516941755,1,FALSE
73.8941530848629,168.647847877918,0.0302115028978494,3.93784167370924,0.115192666911277,1,FALSE
41.7527704101168,149.799505635632,0.0341580189809361,3.06686707652089,0.308901178024357,1,FALSE
13.4587244283461,1.42465692881845,0.0963247404936762,2.39692389597561,0.183264483354942,1,FALSE
84.1912235339131,287.043711391523,0.0844061365513495,0.548599161940772,0.186735628751565,1,FALSE
42.781558298369,55.877336520807,0.0697812975446763,4.22980028744937,0.152670497949446,1,FALSE
67.1675751367192,75.8087815017282,0.0520894951946789,3.81023160966862,0.447688523307408,1,FALSE
88.6615191535605,216.900425396951,0.0645872610252887,0.114998820403534,0.569154206774588,1,FALSE
27.9066562672426,182.617020245175,0.0888235856642075,1.49832935090654,0.162731182941293,1,FALSE
47.9553733115787,157.347342384751,0.0323923032025991,1.1684228890594,0.698762452365614,1,FALSE
26.0110833061862,171.529211071279,0.0801726081385982,0.36575171598521,0.572943478282449,1,FALSE
80.3716501126343,195.523859999805,0.0164621379437588,0.983311673626496,0.17472437357838,1,FALSE
25.6117487550442,246.962283690871,0.00142320570950089,2.22250714255159,0.370156688339848,1,FALSE
37.2999913699474,136.473443571439,0.0216272253452015,1.32205382586531,0.750862179203176,1,FALSE
60.7095209664768,340.078670484946,0.087779615766909,4.18639562395455,0.514826636018218,1,FALSE
47.1342355408336,236.367890533107,0.0156528088449184,4.03088798820803,0.854976270120522,1,FALSE
